,d,beta,re_prior,experiment,exp_type,mse_X,sigma_b0_spatial_est,n_epoch,time
1,1,0.001,0.001,0,lmmvae,0.008467662,1.33E-05,200,168.4473839
2,1,0.001,0.001,0,pca-ignore,0.014769891,,,0.168078184
3,1,0.001,0.001,0,pca-ohe,0.014736135,,,7.821986914
4,1,0.001,0.001,0,vae-ignore,0.017199135,,200,60.35697508
5,1,0.001,0.001,0,vae-ohe,0.017703191,,200,228.853497
6,1,0.001,0.001,0,vae-em,0.018186628,,200,65.98488379
7,1,0.001,0.001,1,lmmvae,0.009441534,9.08E-06,200,116.4283333
8,1,0.001,0.001,1,pca-ignore,0.016215814,,,0.173172712
9,1,0.001,0.001,1,pca-ohe,0.016169592,,,7.309277296
10,1,0.001,0.001,1,vae-ignore,0.019857963,,200,60.83360529
11,1,0.001,0.001,1,vae-ohe,0.019469976,,200,225.8090634
12,1,0.001,0.001,1,vae-em,0.020862433,,200,66.38687491
13,1,0.001,0.001,2,lmmvae,0.008689792,7.33E-06,200,114.9937935
14,1,0.001,0.001,2,pca-ignore,0.016045111,,,0.155466557
15,1,0.001,0.001,2,pca-ohe,0.016028214,,,7.139616489
16,1,0.001,0.001,2,vae-ignore,0.018620215,,200,58.85060883
17,1,0.001,0.001,2,vae-ohe,0.01988665,,200,218.7532072
18,1,0.001,0.001,2,vae-em,0.020425457,,200,64.28104687
19,1,0.001,0.001,3,lmmvae,0.007011125,1.01E-05,200,104.8483291
20,1,0.001,0.001,3,pca-ignore,0.015165056,,,0.14793849
21,1,0.001,0.001,3,pca-ohe,0.015160744,,,7.017060757
22,1,0.001,0.001,3,vae-ignore,0.019856495,,200,57.99597621
23,1,0.001,0.001,3,vae-ohe,0.020022782,,200,215.0657847
24,1,0.001,0.001,3,vae-em,0.021477661,,200,63.19990325
25,1,0.001,0.001,4,lmmvae,0.008905388,1.12E-05,200,103.9501576
26,1,0.001,0.001,4,pca-ignore,0.016006764,,,0.14057374
27,1,0.001,0.001,4,pca-ohe,0.015992701,,,6.934719324
28,1,0.001,0.001,4,vae-ignore,0.019159717,,200,56.12205386
29,1,0.001,0.001,4,vae-ohe,0.019555352,,200,207.6342046
30,1,0.001,0.001,4,vae-em,0.020100816,,200,61.18832135
31,2,0.001,0.001,0,lmmvae,0.005311604,7.89E-06,200,117.8503008
32,2,0.001,0.001,0,pca-ignore,0.013492847,,,0.174546719
33,2,0.001,0.001,0,pca-ohe,0.013445339,,,7.484348297
34,2,0.001,0.001,0,vae-ignore,0.012910349,,200,62.68417478
35,2,0.001,0.001,0,vae-ohe,0.017113285,,200,232.3093522
36,2,0.001,0.001,0,vae-em,0.020316528,,200,67.75985599
37,2,0.001,0.001,1,lmmvae,0.00531577,9.11E-06,200,112.2652442
38,2,0.001,0.001,1,pca-ignore,0.014456194,,,0.178241014
39,2,0.001,0.001,1,pca-ohe,0.014182696,,,7.453543186
40,2,0.001,0.001,1,vae-ignore,0.01538107,,200,62.67154408
41,2,0.001,0.001,1,vae-ohe,0.019670581,,200,228.8714306
42,2,0.001,0.001,1,vae-em,0.021146696,,200,68.27644014
43,2,0.001,0.001,2,lmmvae,0.006076643,5.88E-06,200,111.6454868
44,2,0.001,0.001,2,pca-ignore,0.014327901,,,0.170269728
45,2,0.001,0.001,2,pca-ohe,0.014384495,,,7.335386515
46,2,0.001,0.001,2,vae-ignore,0.014549867,,200,61.03074622
47,2,0.001,0.001,2,vae-ohe,0.019241357,,200,221.9804239
48,2,0.001,0.001,2,vae-em,0.020457516,,200,66.33943009
49,2,0.001,0.001,3,lmmvae,0.005052973,1.06E-05,200,110.2001371
50,2,0.001,0.001,3,pca-ignore,0.013999795,,,0.174292326
51,2,0.001,0.001,3,pca-ohe,0.01404693,,,7.172507763
52,2,0.001,0.001,3,vae-ignore,0.016667955,,200,59.97027707
53,2,0.001,0.001,3,vae-ohe,0.019850726,,200,217.9000731
54,2,0.001,0.001,3,vae-em,0.021409844,,200,65.0649147
55,2,0.001,0.001,4,lmmvae,0.007825491,8.82E-06,200,108.7435613
56,2,0.001,0.001,4,pca-ignore,0.014542654,,,0.145177126
57,2,0.001,0.001,4,pca-ohe,0.014535001,,,7.149004936
58,2,0.001,0.001,4,vae-ignore,0.016567797,,200,58.09523082
59,2,0.001,0.001,4,vae-ohe,0.019198987,,200,210.069479
60,2,0.001,0.001,4,vae-em,0.020809944,,200,63.10408592
61,5,0.001,0.001,0,lmmvae,0.004192559,7.82E-06,200,115.859592
62,5,0.001,0.001,0,pca-ignore,0.009353896,,,0.154828787
63,5,0.001,0.001,0,pca-ohe,0.009750323,,,7.373679876
64,5,0.001,0.001,0,vae-ignore,0.004508981,,200,62.2861619
65,5,0.001,0.001,0,vae-ohe,0.017362358,,200,231.8264399
66,5,0.001,0.001,0,vae-em,0.00555517,,200,67.89394379
67,5,0.001,0.001,1,lmmvae,0.004159392,8.46E-06,200,113.2558656
68,5,0.001,0.001,1,pca-ignore,0.010206647,,,0.153098583
69,5,0.001,0.001,1,pca-ohe,0.010386401,,,7.276984692
70,5,0.001,0.001,1,vae-ignore,0.005353565,,200,62.86102581
71,5,0.001,0.001,1,vae-ohe,0.019882097,,200,232.2422073
72,5,0.001,0.001,1,vae-em,0.006517121,,200,68.34579444
73,5,0.001,0.001,2,lmmvae,0.004204658,6.69E-06,200,114.1207974
74,5,0.001,0.001,2,pca-ignore,0.009727263,,,0.139948606
75,5,0.001,0.001,2,pca-ohe,0.010206988,,,7.364136457
76,5,0.001,0.001,2,vae-ignore,0.004369377,,200,60.94742036
77,5,0.001,0.001,2,vae-ohe,0.019210171,,200,225.4290879
78,5,0.001,0.001,2,vae-em,0.005832459,,200,66.22359776
79,5,0.001,0.001,3,lmmvae,0.004078137,9.16E-06,200,109.5270157
80,5,0.001,0.001,3,pca-ignore,0.009486307,,,0.131865025
81,5,0.001,0.001,3,pca-ohe,0.010160421,,,7.204326153
82,5,0.001,0.001,3,vae-ignore,0.005237845,,200,60.04004145
83,5,0.001,0.001,3,vae-ohe,0.019981018,,200,221.1569066
84,5,0.001,0.001,3,vae-em,0.005990625,,200,65.21722817
85,5,0.001,0.001,4,lmmvae,0.004345861,1.11E-05,200,107.1713459
86,5,0.001,0.001,4,pca-ignore,0.009918149,,,0.132213354
87,5,0.001,0.001,4,pca-ohe,0.010167525,,,7.317822218
88,5,0.001,0.001,4,vae-ignore,0.005296347,,200,58.089643
89,5,0.001,0.001,4,vae-ohe,0.019245669,,200,215.2922232
90,5,0.001,0.001,4,vae-em,0.005693522,,200,63.11785483
91,1,0.001,0.001,0,svgpvae_16_2,0.019693007,,199,319.3190427
92,1,0.001,0.001,1,svgpvae_16_2,0.022678493,,199,308.5766966
93,1,0.001,0.001,2,svgpvae_16_2,0.022922082,,199,298.410141
94,1,0.001,0.001,3,svgpvae_16_2,0.021336151,,199,291.948348
95,1,0.001,0.001,4,svgpvae_16_2,0.024641693,,199,281.5555747
96,2,0.001,0.001,0,svgpvae_16_2,0.020706565,,199,554.7816679
97,2,0.001,0.001,1,svgpvae_16_2,0.022734184,,199,546.9880369
98,2,0.001,0.001,2,svgpvae_16_2,0.022768709,,199,525.7198954
99,2,0.001,0.001,3,svgpvae_16_2,0.022078788,,199,526.7676597
100,2,0.001,0.001,4,svgpvae_16_2,0.023991739,,199,507.5680656
101,5,0.001,0.001,0,svgpvae_16_2,0.035897581,,199,1308.864405
102,5,0.001,0.001,1,svgpvae_16_2,0.038571984,,199,1290.210978
103,5,0.001,0.001,2,svgpvae_16_2,0.036688732,,199,1246.598752
104,5,0.001,0.001,3,svgpvae_16_2,0.034158319,,199,1221.656559
105,5,0.001,0.001,4,svgpvae_16_2,0.040896269,,199,1178.482135
